Age,BP,specific_gravity,Albumin,sugar,RBC,PC,PCC,bacteria,Blood_Gluc_rand,Blood_Urea,Serum_Cr,sodium,potassium,hemoglobin,packed_cell_volume,wbc_cnt,rbc_cnt,htn,diabetes,CAD,apetite,pedal_edema,anemia,class
48,80,1.02,1,0,normal,normal,notpresent,notpresent,121,36,1.2,107.61625,3.60925,15.4,44,7800,5,yes,yes,no,good,no,no,1
7,50,1.02,4,0,normal,normal,notpresent,notpresent,131.7525,18,0.8,107.61625,3.60925,11.3,38,6000,2.8525,no,no,no,good,no,no,1
62,80,1.01,2,3,normal,normal,notpresent,notpresent,423,53,1.8,107.61625,3.60925,9.6,31,7500,2.8525,no,yes,no,poor,no,yes,1
48,70,1.005,4,0,normal,abnormal,present,notpresent,117,56,3.8,111,2.5,11.2,32,6700,3,yes,no,no,poor,yes,yes,1
51,80,1.01,2,0,normal,normal,notpresent,notpresent,106,26,1.4,107.61625,3.60925,11.6,35,7300,4,no,no,no,good,no,no,1
60,90,1.015,3,0,normal,normal,notpresent,notpresent,74,25,1.1,142,3.2,12.2,39,7800,4,yes,yes,no,good,yes,no,1
68,70,1.01,0,0,normal,normal,notpresent,notpresent,100,54,24,104,4,12.4,36,6178.5,2.8525,no,no,no,good,no,no,1
24,74.175,1.015,2,4,normal,abnormal,notpresent,notpresent,410,31,1.1,107.61625,3.60925,12.4,44,6900,5,no,yes,no,good,yes,no,1
52,100,1.015,3,0,normal,abnormal,present,notpresent,138,60,1.9,107.61625,3.60925,10.8,33,9600,4,yes,yes,no,good,no,yes,1
53,90,1.02,2,0,abnormal,abnormal,present,notpresent,70,107,7.2,114,3.7,9.5,29,12100,3,yes,yes,no,poor,no,yes,1
50,60,1.01,2,4,abnormal,abnormal,present,notpresent,490,55,4,107.61625,3.60925,9.4,28,6178.5,2.8525,yes,yes,no,good,no,yes,1
63,70,1.01,3,0,abnormal,abnormal,present,notpresent,380,60,2.7,131,4.2,10.8,32,4500,3,yes,yes,no,poor,yes,no,1
68,70,1.015,3,1,abnormal,normal,present,notpresent,208,72,2.1,138,5.8,9.7,28,12200,3,yes,yes,yes,poor,yes,no,1
68,70,1.015,3,1,abnormal,normal,notpresent,notpresent,98,86,4.6,135,3.4,9.8,31.9825,6178.5,2.8525,yes,yes,yes,poor,yes,no,1
68,80,1.01,3,2,normal,abnormal,present,present,157,90,4.1,130,6.4,5.6,16,11000,2,yes,yes,yes,poor,yes,no,1
40,80,1.015,3,0,normal,normal,notpresent,notpresent,76,162,9.6,141,4.9,7.6,24,3800,2,yes,no,no,good,no,yes,1
47,70,1.015,2,0,normal,normal,notpresent,notpresent,99,46,2.2,138,4.1,12.6,31.9825,6178.5,2.8525,no,no,no,good,no,no,1
47,80,1.015,2,0,normal,normal,notpresent,notpresent,114,87,5.2,139,3.7,12.1,31.9825,6178.5,2.8525,yes,no,no,poor,no,no,1
60,100,1.025,0,3,normal,normal,notpresent,notpresent,263,27,1.3,135,4.3,12.7,37,11400,4,yes,yes,yes,good,no,no,1
62,60,1.015,1,0,normal,abnormal,present,notpresent,100,31,1.6,107.61625,3.60925,10.3,30,5300,3,yes,no,yes,good,no,no,1
61,80,1.015,2,0,abnormal,abnormal,notpresent,notpresent,173,148,3.9,135,5.2,7.7,24,9200,3,yes,yes,yes,poor,yes,yes,1
60,90,1.015,2,0,abnormal,abnormal,notpresent,notpresent,131.7525,180,76,4.5,3.60925,10.9,32,6200,3,yes,yes,yes,good,no,no,1
48,80,1.025,4,0,normal,abnormal,notpresent,notpresent,95,163,7.7,136,3.8,9.8,32,6900,3,yes,no,no,good,no,yes,1
21,70,1.01,0,0,normal,normal,notpresent,notpresent,131.7525,54.698,2.941875,107.61625,3.60925,10.898,31.9825,6178.5,2.8525,no,no,no,poor,no,yes,1
42,100,1.015,4,0,normal,abnormal,notpresent,present,131.7525,50,1.4,129,4,11.1,39,8300,4,yes,no,no,poor,no,no,1
61,60,1.025,0,0,normal,normal,notpresent,notpresent,108,75,1.9,141,5.2,9.9,29,8400,3,yes,yes,no,good,no,yes,1
75,80,1.015,0,0,normal,normal,notpresent,notpresent,156,45,2.4,140,3.4,11.6,35,10300,4,yes,yes,no,poor,no,no,1
69,70,1.01,3,4,normal,abnormal,notpresent,notpresent,264,87,2.7,130,4,12.5,37,9600,4,yes,yes,yes,good,yes,no,1
75,70,1.01,1,3,normal,abnormal,notpresent,notpresent,123,31,1.4,107.61625,3.60925,10.898,31.9825,6178.5,2.8525,no,yes,no,good,no,no,1
68,70,1.005,1,0,abnormal,abnormal,present,notpresent,131.7525,28,1.4,107.61625,3.60925,12.9,38,6178.5,2.8525,no,no,yes,good,no,no,1
50.325,70,1.005,1,0,abnormal,abnormal,notpresent,notpresent,93,155,7.3,132,4.9,10.898,31.9825,6178.5,2.8525,yes, yes,no,good,no,no,1
73,90,1.015,3,0,abnormal,abnormal,present,notpresent,107,33,1.5,141,4.6,10.1,30,7800,4,no,no,no,poor,no,no,1
61,90,1.01,1,1,abnormal,normal,notpresent,notpresent,159,39,1.5,133,4.9,11.3,34,9600,4,yes,yes,no,poor,no,no,1
60,100,1.02,2,0,abnormal,abnormal,notpresent,notpresent,140,55,2.5,107.61625,3.60925,10.1,29,6178.5,2.8525,yes,no,no,poor,no,no,1
70,70,1.01,1,0,normal,abnormal,present,present,171,153,5.2,107.61625,3.60925,10.898,31.9825,6178.5,2.8525,no,yes,no,poor,no,no,1
65,90,1.02,2,1,abnormal,normal,notpresent,notpresent,270,39,2,107.61625,3.60925,12,36,9800,4,yes,yes,no,poor,no,yes,1
76,70,1.015,1,0,normal,normal,notpresent,notpresent,92,29,1.8,133,3.9,10.3,32,6178.5,2.8525,yes,no,no,good,no,no,1
72,80,1.015,1,0,normal,normal,notpresent,notpresent,137,65,3.4,141,4.7,9.7,28,6900,2,yes,yes,no,poor,no,yes,"1	"
69,80,1.02,3,0,abnormal,normal,notpresent,notpresent,131.7525,103,4.1,132,5.9,12.5,31.9825,6178.5,2.8525,yes,no,no,good,no,no,1
82,80,1.01,2,2,normal,normal,notpresent,notpresent,140,70,3.4,136,4.2,13,40,9800,4,yes,yes,no,good,no,no,1
46,90,1.01,2,0,normal,abnormal,notpresent,notpresent,99,80,2.1,107.61625,3.60925,11.1,32,9100,4,yes,no,"	no",good,no,no,1
45,70,1.01,0,0,normal,normal,notpresent,notpresent,131.7525,20,0.7,107.61625,3.60925,10.898,31.9825,6178.5,2.8525,no,no,no,good,yes,no,1
47,100,1.01,0,0,normal,normal,notpresent,notpresent,204,29,1,139,4.2,9.7,33,9200,4,yes,no,no,good,no,yes,1
35,80,1.01,1,0,abnormal,normal,notpresent,notpresent,79,202,10.8,134,3.4,7.9,24,7900,3,no,yes,no,good,no,no,1
54,80,1.01,3,0,abnormal,abnormal,notpresent,notpresent,207,77,6.3,134,4.8,9.7,28,6178.5,2.8525,yes,yes,no,poor,yes,no,1
54,80,1.02,3,0,abnormal,abnormal,notpresent,notpresent,208,89,5.9,130,4.9,9.3,31.9825,6178.5,2.8525,yes,yes,no,poor,yes,no,1
48,70,1.015,0,0,abnormal,normal,notpresent,notpresent,124,24,1.2,142,4.2,12.4,37,6400,4,no,yes,no,good,no,no,1
11,80,1.01,3,0,abnormal,normal,notpresent,notpresent,131.7525,17,0.8,107.61625,3.60925,15,45,8600,2.8525,no,no,no,good,no,no,1
73,70,1.005,0,0,normal,normal,notpresent,notpresent,70,32,0.9,125,4,10,29,18900,3,yes,yes,no,good,yes,no,1
60,70,1.01,2,0,normal,abnormal,present,notpresent,144,72,3,107.61625,3.60925,9.7,29,21600,3,yes,yes,no,poor,no,yes,1
53,60,1.01,2,0,normal,abnormal,notpresent,notpresent,91,114,3.25,142,4.3,8.6,28,11000,3,yes,yes,no,poor,yes,yes,1
54,100,1.015,3,0,normal,normal,present,notpresent,162,66,1.6,136,4.4,10.3,33,6178.5,2.8525,yes,yes,no,poor,yes,no,1
53,90,1.015,0,0,normal,normal,notpresent,notpresent,131.7525,38,2.2,107.61625,3.60925,10.9,34,4300,3,no,no,no,poor,no,yes,1
62,80,1.015,0,5,normal,normal,notpresent,notpresent,246,24,1,107.61625,3.60925,13.6,40,8500,4,yes,yes,no,good,no,no,1
63,80,1.01,2,2,normal,normal,notpresent,notpresent,131.7525,54.698,3.4,136,4.2,13,40,9800,4,yes,no,yes,good,no,no,1
35,80,1.005,3,0,abnormal,normal,notpresent,notpresent,131.7525,54.698,2.941875,107.61625,3.60925,9.5,28,6178.5,2.8525,no,no,no,good,yes,no,1
76,70,1.015,3,4,normal,abnormal,present,notpresent,131.7525,164,9.7,131,4.4,10.2,30,11300,3,yes,yes,yes,poor,yes,no,1
76,90,1.015,3,4,normal,normal,notpresent,notpresent,93,155,7.3,132,4.9,10.898,31.9825,6178.5,2.8525,yes,yes,yes,poor,no,no,1
73,80,1.02,2,0,abnormal,abnormal,notpresent,notpresent,253,142,4.6,138,5.8,10.5,33,7200,4,yes,yes,yes,good,no,no,1
59,100,1.02,2,0,abnormal,abnormal,notpresent,notpresent,131.7525,96,6.4,107.61625,3.60925,6.6,31.9825,6178.5,2.8525,yes,yes,no,good,no,yes,1
67,90,1.02,1,0,abnormal,abnormal,present,notpresent,141,66,3.2,138,6.6,10.898,31.9825,6178.5,2.8525,yes,no,no,good,no,no,1
67,80,1.01,1,3,normal,abnormal,notpresent,notpresent,182,391,32,163,39,10.898,31.9825,6178.5,2.8525,no,no,no,good,yes,no,1
15,60,1.02,3,0,normal,normal,notpresent,notpresent,86,15,0.6,138,4,11,33,7700,3,yes,yes,no,good,no,no,1
46,70,1.015,1,0,abnormal,normal,notpresent,notpresent,150,111,6.1,131,3.7,7.5,27,6178.5,2.8525,no,no,no,good,no,yes,1
55,80,1.01,0,0,abnormal,normal,notpresent,notpresent,146,54.698,2.941875,107.61625,3.60925,9.8,31.9825,6178.5,2.8525,no,no,"	no",good,no,no,1
44,90,1.01,1,0,abnormal,normal,notpresent,notpresent,131.7525,20,1.1,107.61625,3.60925,15,48,6178.5,2.8525,no,"	no",no,good,no,no,1
67,70,1.02,2,0,abnormal,normal,notpresent,notpresent,150,55,1.6,131,4.8,10.898,31.9825,6178.5,2.8525,yes,yes,no,good,yes,no,1
45,80,1.02,3,0,normal,abnormal,notpresent,notpresent,425,54.698,2.941875,107.61625,3.60925,10.898,31.9825,6178.5,2.8525,no,no,no,poor,no,no,1
65,70,1.01,2,0,normal,normal,present,notpresent,112,73,3.3,107.61625,3.60925,10.9,37,6178.5,2.8525,no,no,no,good,no,no,1
26,70,1.015,0,4,normal,normal,notpresent,notpresent,250,20,1.1,107.61625,3.60925,15.6,52,6900,6,no,yes,no,good,no,no,1
61,80,1.015,0,4,normal,normal,notpresent,notpresent,360,19,0.7,137,4.4,15.2,44,8300,5,yes,yes,no,good,no,no,1
46,60,1.01,1,0,normal,normal,notpresent,notpresent,163,92,3.3,141,4,9.8,28,14600,3,yes,yes,no,good,no,no,1
64,90,1.01,3,3,normal,abnormal,present,notpresent,131.7525,35,1.3,107.61625,3.60925,10.3,31.9825,6178.5,2.8525,yes,yes,no,good,yes,no,1
50.325,100,1.015,2,0,abnormal,abnormal,notpresent,notpresent,129,107,6.7,132,4.4,4.8,14,6300,2.8525,yes,no,no,good,yes,yes,1
56,90,1.015,2,0,abnormal,abnormal,notpresent,notpresent,129,107,6.7,131,4.8,9.1,29,6400,3,yes,no,no,good,no,no,1
5,74.175,1.015,1,0,abnormal,normal,notpresent,notpresent,131.7525,16,0.7,138,3.2,8.1,31.9825,6178.5,2.8525,no,no,no,good,no,yes,1
48,80,1.005,4,0,abnormal,abnormal,notpresent,present,133,139,8.5,132,5.5,10.3,36,6200,4,no,yes,no,good,yes,no,1
67,70,1.01,1,0,abnormal,normal,notpresent,notpresent,102,48,3.2,137,5,11.9,34,7100,3,yes,yes,no,good,yes,no,1
70,80,1.01,1,0,abnormal,normal,notpresent,notpresent,158,85,3.2,141,3.5,10.1,30,6178.5,2.8525,yes,no,no,good,yes,no,1
56,80,1.01,1,0,abnormal,normal,notpresent,notpresent,165,55,1.8,107.61625,3.60925,13.5,40,11800,5,yes,yes,no,poor,yes,no,1
74,80,1.01,0,0,abnormal,normal,notpresent,notpresent,132,98,2.8,133,5,10.8,31,9400,3,yes,yes,no,good,no,no,1
45,90,1.01,0,0,abnormal,normal,notpresent,notpresent,360,45,2.4,128,4.4,8.3,29,5500,3,yes,yes,no,good,no,no,1
38,70,1.01,0,0,abnormal,normal,notpresent,notpresent,104,77,1.9,140,3.9,10.898,31.9825,6178.5,2.8525,yes,no,no,poor,yes,no,1
48,70,1.015,1,0,normal,normal,notpresent,notpresent,127,19,1,134,3.6,10.898,31.9825,6178.5,2.8525,yes,yes,no,good,no,no,1
59,70,1.01,3,0,normal,abnormal,notpresent,notpresent,76,186,15,135,7.6,7.1,22,3800,2,yes,no,no,poor,yes,yes,1
70,70,1.015,2,0,normal,abnormal,notpresent,notpresent,131.7525,46,1.5,107.61625,3.60925,9.9,31.9825,6178.5,2.8525,no,yes,no,poor,yes,no,1
56,80,1.015,2,0,normal,abnormal,notpresent,notpresent,415,37,1.9,107.61625,3.60925,10.898,31.9825,6178.5,2.8525,no,yes,no,good,no,no,1
70,100,1.005,1,0,normal,abnormal,present,notpresent,169,47,2.9,107.61625,3.60925,11.1,32,5800,5,yes,yes,no,poor,no,no,1
58,110,1.01,4,0,normal,normal,notpresent,notpresent,251,52,2.2,107.61625,3.60925,10.898,31.9825,13200,4,yes,"	yes",no,good,no,no,1
50,70,1.02,0,0,normal,normal,notpresent,notpresent,109,32,1.4,139,4.7,10.898,31.9825,6178.5,2.8525,no,no,no,poor,no,no,1
63,100,1.01,2,2,normal,normal,notpresent,present,280,35,3.2,143,3.5,13,40,9800,4,yes,no,yes,good,no,no,1
56,70,1.015,4,1,abnormal,normal,notpresent,notpresent,210,26,1.7,136,3.8,16.1,52,12500,5,no,no,no,good,no,no,1
71,70,1.01,3,0,normal,abnormal,present,present,219,82,3.6,133,4.4,10.4,33,5600,3,yes,yes,yes,good,no,no,1
73,100,1.01,3,2,abnormal,abnormal,present,notpresent,295,90,5.6,140,2.9,9.2,30,7000,3,yes,yes,yes,poor,no,no,1
65,70,1.01,0,0,abnormal,normal,notpresent,notpresent,93,66,1.6,137,4.5,11.6,36,11900,3,no,yes,no,good,no,no,1
62,90,1.015,1,0,abnormal,normal,notpresent,notpresent,94,25,1.1,131,3.7,10.898,31.9825,6178.5,2.8525,yes,no,no,good,yes,yes,1
60,80,1.01,1,1,abnormal,normal,notpresent,notpresent,172,32,2.7,107.61625,3.60925,11.2,36,6178.5,2.8525,no,yes,yes,poor,no,no,1
65,60,1.015,1,0,abnormal,normal,notpresent,notpresent,91,51,2.2,132,3.8,10,32,9100,4,yes,yes,no,poor,yes,no,1
50,140,1.015,1,0,abnormal,normal,notpresent,notpresent,101,106,6.5,135,4.3,6.2,18,5800,2,yes,yes,no,poor,no,yes,1
56,180,1.015,0,4,abnormal,abnormal,notpresent,notpresent,298,24,1.2,139,3.9,11.2,32,10400,4,yes,yes,no,poor,yes,no,1
34,70,1.015,4,0,abnormal,abnormal,notpresent,notpresent,153,22,0.9,133,3.8,10.898,31.9825,6178.5,2.8525,no,no,no,good,yes,no,1
71,90,1.015,2,0,abnormal,abnormal,present,present,88,80,4.4,139,5.7,11.3,33,10700,3,no,no,no,good,no,no,1
17,60,1.01,0,0,abnormal,normal,notpresent,notpresent,92,32,2.1,141,4.2,13.9,52,7000,2.8525,no,no,no,good,no,no,1
76,70,1.015,2,0,normal,abnormal,present,notpresent,226,217,10.2,107.61625,3.60925,10.2,36,12700,4,yes,no,no,poor,yes,yes,1
55,90,1.015,2,0,normal,abnormal,notpresent,notpresent,143,88,2,107.61625,3.60925,10.898,31.9825,6178.5,2.8525,yes,yes,no,poor,yes,no,1
65,80,1.015,0,0,normal,normal,notpresent,notpresent,115,32,11.5,139,4,14.1,42,6800,5,no,no,no,good,no,no,1
50,90,1.015,0,0,normal,normal,notpresent,notpresent,89,118,6.1,127,4.4,6,17,6500,2.8525,yes,yes,no,good,yes,yes,1
55,100,1.015,1,4,normal,normal,notpresent,notpresent,297,53,2.8,139,4.5,11.2,34,13600,4,yes,yes,no,good,no,no,1
45,80,1.015,0,0,normal,abnormal,notpresent,notpresent,107,15,1,141,4.2,11.8,37,10200,4,no,no,no,good,no,no,1
54,70,1.015,0,0,normal,abnormal,notpresent,notpresent,233,50.1,1.9,107.61625,3.60925,11.7,31.9825,6178.5,2.8525,no,yes,no,good,no,no,1
63,90,1.015,0,0,normal,normal,notpresent,notpresent,123,19,2,142,3.8,11.7,34,11400,4,no,no,no,good,no,no,1
65,80,1.01,3,3,normal,normal,notpresent,notpresent,294,71,4.4,128,5.4,10,32,9000,3,yes,yes,yes,good,no,no,1
50.325,60,1.015,3,0,abnormal,abnormal,notpresent,notpresent,131.7525,34,1.2,107.61625,3.60925,10.8,33,6178.5,2.8525,no,no,no,good,no,no,1
61,90,1.015,0,2,abnormal,normal,notpresent,notpresent,131.7525,54.698,2.941875,107.61625,3.60925,10.898,31.9825,9800,2.8525,no,yes,no,poor,no,yes,1
12,60,1.015,3,0,abnormal,abnormal,present,notpresent,131.7525,51,1.8,107.61625,3.60925,12.1,31.9825,10300,2.8525,no,no,no,good,no,no,1
47,80,1.01,0,0,abnormal,abnormal,notpresent,notpresent,131.7525,28,0.9,107.61625,3.60925,12.4,44,5600,4,no,no,no,good,no,yes,1
50.325,70,1.015,4,0,abnormal,normal,notpresent,notpresent,104,16,0.5,107.61625,3.60925,10.898,31.9825,6178.5,2.8525,no,no,no,good,yes,no,1
50.325,70,1.02,0,0,abnormal,normal,notpresent,notpresent,219,36,1.3,139,3.7,12.5,37,9800,4,no,no,no,good,no,no,1
55,70,1.01,3,0,abnormal,normal,notpresent,notpresent,99,25,1.2,107.61625,3.60925,11.4,31.9825,6178.5,2.8525,no,no,no,poor,yes,no,1
60,70,1.01,0,0,abnormal,normal,notpresent,notpresent,140,27,1.2,107.61625,3.60925,10.898,31.9825,6178.5,2.8525,no,no,no,good,no,no,1
72,90,1.025,1,3,abnormal,normal,notpresent,notpresent,323,40,2.2,137,5.3,12.6,31.9825,6178.5,2.8525,no,yes,yes,poor,no,no,1
54,60,1.025,3,3,abnormal,normal,notpresent,notpresent,125,21,1.3,137,3.4,15,46,6178.5,2.8525,yes,yes,no,good,yes,no,1
34,70,1.025,3,3,abnormal,normal,notpresent,notpresent,131.7525,219,12.2,130,3.8,6,31.9825,6178.5,2.8525,yes,no,no,good,no,yes,1
43,80,1.015,2,3,abnormal,abnormal,present,present,131.7525,30,1.1,107.61625,3.60925,14,42,14900,2.8525,no,no,no,good,no,no,1
65,100,1.015,0,0,abnormal,normal,notpresent,notpresent,90,98,2.5,107.61625,3.60925,9.1,28,5500,3,yes,no,no,good,no,no,1
72,90,1.015,0,0,abnormal,normal,notpresent,notpresent,308,36,2.5,131,4.3,10.898,31.9825,6178.5,2.8525,yes,yes,no,poor,no,no,1
70,90,1.015,0,0,abnormal,normal,notpresent,notpresent,144,125,4,136,4.6,12,37,8200,4,yes,yes,no,poor,yes,no,1
71,60,1.015,4,0,normal,normal,notpresent,notpresent,118,125,5.3,136,4.9,11.4,35,15200,4,yes,yes,no,poor,yes,no,1
52,90,1.015,4,3,normal,abnormal,notpresent,notpresent,224,166,5.6,133,47,8.1,23,5000,2,yes,yes,no,good,no,yes,1
75,70,1.025,1,0,normal,normal,notpresent,notpresent,158,49,1.4,135,4.7,11.1,31.9825,6178.5,2.8525,yes,no,no,poor,yes,no,1
50,90,1.01,2,0,normal,abnormal,present,present,128,208,9.2,134,4.8,8.2,22,16300,2,no,no,no,poor,yes,yes,1
5,50,1.01,0,0,normal,normal,notpresent,notpresent,131.7525,25,0.6,107.61625,3.60925,11.8,36,12400,2.8525,no,no,no,good,no,no,1
50,74.175,1.01,0,0,normal,normal,notpresent,notpresent,219,176,13.8,136,4.5,8.6,24,13200,2,yes,no,no,good,yes,yes,1
70,100,1.015,4,0,normal,normal,notpresent,notpresent,118,125,5.3,136,4.9,12,37,8400,8,yes,no,no,good,no,no,1
47,100,1.01,4,0,normal,normal,notpresent,notpresent,122,54.698,16.9,138,5.2,10.8,33,10200,3,no,yes,no,good,no,no,1
48,80,1.015,0,2,normal,normal,notpresent,notpresent,214,24,1.3,140,4,13.2,39,6178.5,2.8525,no,yes,no,poor,no,no,1
46,90,1.02,0,2,normal,normal,notpresent,notpresent,213,68,2.8,146,6.3,9.3,31.9825,6178.5,2.8525,yes,yes,no,good,no,no,1
45,60,1.01,2,0,normal,abnormal,present,notpresent,268,86,4,134,5.1,10,29,9200,2.8525,yes,yes,no,good,no,no,1
73,74.175,1.01,1,0,normal,abnormal,notpresent,notpresent,95,51,1.6,142,3.5,10.898,31.9825,6178.5,2.8525,no,"	no",no,good,no,no,1
41,70,1.015,2,0,normal,abnormal,notpresent,present,131.7525,68,2.8,132,4.1,11.1,33,6178.5,2.8525,yes,no,no,good,yes,yes,1
69,70,1.01,0,4,normal,normal,notpresent,notpresent,256,40,1.2,142,5.6,10.898,31.9825,6178.5,2.8525,no,no,no,good,no,no,1
67,70,1.01,1,0,normal,normal,notpresent,notpresent,131.7525,106,6,137,4.9,6.1,19,6500,2.8525,yes,no,no,good,no,yes,1
72,90,1.01,1,0,normal,normal,notpresent,notpresent,84,145,7.1,135,5.3,10.898,31.9825,6178.5,2.8525,no,yes,no,good,no,no,1
41,80,1.015,1,4,abnormal,normal,notpresent,notpresent,210,165,18,135,4.7,10.898,31.9825,6178.5,2.8525,no,yes,no,good,no,no,1
60,90,1.01,2,0,abnormal,normal,notpresent,notpresent,105,53,2.3,136,5.2,11.1,33,10500,4,no,no,no,good,no,no,1
57,90,1.015,5,0,abnormal,abnormal,notpresent,present,131.7525,322,13,126,4.8,8,24,4200,3,yes,yes,yes,poor,yes,yes,1
53,100,1.01,1,3,abnormal,normal,notpresent,notpresent,213,23,1,139,4,10.898,31.9825,6178.5,2.8525,no,yes,no,good,no,no,1
60,60,1.01,3,1,normal,abnormal,present,notpresent,288,36,1.7,130,3,7.9,25,15200,3,yes,no,no,poor,no,yes,1
69,60,1.01,3,1,normal,abnormal,notpresent,notpresent,171,26,48.1,107.61625,3.60925,10.898,31.9825,6178.5,2.8525,yes,no,no,poor,no,no,1
65,70,1.02,1,0,abnormal,abnormal,notpresent,notpresent,139,29,1,107.61625,3.60925,10.5,32,6178.5,2.8525,yes,no,no,good,yes,no,1
8,60,1.025,3,0,normal,normal,notpresent,notpresent,78,27,0.9,107.61625,3.60925,12.3,41,6700,2.8525,no,no,no,poor,yes,no,1
76,90,1.025,3,0,normal,normal,notpresent,notpresent,172,46,1.7,141,5.5,9.6,30,6178.5,2.8525,yes,yes,no,good,no,yes,1
39,70,1.01,0,0,normal,normal,notpresent,notpresent,121,20,0.8,133,3.5,10.9,32,6178.5,2.8525,no,yes,no,good,no,no,1
55,90,1.01,2,1,abnormal,abnormal,notpresent,notpresent,273,235,14.2,132,3.4,8.3,22,14600,2,yes,yes,no,poor,yes,yes,1
56,90,1.005,4,3,abnormal,abnormal,notpresent,notpresent,242,132,16.4,140,4.2,8.4,26,6178.5,3,yes,yes,no,poor,yes,yes,1
50,70,1.02,3,0,abnormal,normal,present,present,123,40,1.8,107.61625,3.60925,11.1,36,4700,2.8525,no,no,no,good,no,no,1
66,90,1.015,2,0,abnormal,normal,notpresent,present,153,76,3.3,107.61625,3.60925,10.898,31.9825,6178.5,2.8525,no,no,no,poor,no,no,1
62,70,1.025,3,0,normal,abnormal,notpresent,notpresent,122,42,1.7,136,4.7,12.6,39,7900,3,yes,yes,no,good,no,no,1
71,60,1.02,3,2,normal,normal,present,notpresent,424,48,1.5,132,4,10.9,31,6178.5,2.8525,yes,yes,yes,good,no,no,1
59,80,1.01,1,0,abnormal,normal,notpresent,notpresent,303,35,1.3,122,3.5,10.4,35,10900,4,no,yes,no,poor,no,no,1
81,60,1.01,1,0,abnormal,normal,notpresent,notpresent,148,39,2.1,147,4.2,10.9,35,9400,2,yes,yes,yes,poor,yes,no,1
62,74.175,1.015,3,0,abnormal,normal,notpresent,notpresent,131.7525,54.698,2.941875,107.61625,3.60925,14.3,42,10200,4,yes,yes,no,good,no,no,1
59,70,1.015,3,0,abnormal,normal,notpresent,notpresent,204,34,1.5,124,4.1,9.8,37,6000,2.8525,no,yes,no,good,no,no,1
46,80,1.01,0,0,abnormal,normal,notpresent,notpresent,160,40,2,140,4.1,9,27,8100,3,yes,no,no,poor,no,yes,1
14,74.175,1.015,0,0,abnormal,normal,notpresent,notpresent,192,15,0.8,137,4.2,14.3,40,9500,5,no,yes,no,poor,yes,no,1
60,80,1.02,0,2,abnormal,normal,notpresent,notpresent,131.7525,54.698,2.941875,107.61625,3.60925,10.898,31.9825,6178.5,2.8525,no,yes,no,good,no,no,1
27,60,1.02,0,2,abnormal,normal,notpresent,notpresent,76,44,3.9,127,4.3,10.898,31.9825,6178.5,2.8525,no,no,no,poor,yes,yes,1
34,70,1.02,0,0,abnormal,normal,notpresent,notpresent,139,19,0.9,107.61625,3.60925,12.7,42,2200,2.8525,no,no,no,poor,no,no,1
65,70,1.015,4,4,abnormal,normal,present,notpresent,307,28,1.5,107.61625,3.60925,11,39,6700,2.8525,yes,yes,no,good,no,no,1
50.325,70,1.01,0,2,abnormal,normal,notpresent,notpresent,220,68,2.8,107.61625,3.60925,8.7,27,6178.5,2.8525,yes,yes,no,good,no,yes,1
66,70,1.015,2,5,abnormal,normal,notpresent,notpresent,447,41,1.7,131,3.9,12.5,33,9600,4,yes,yes,no,good,no,no,1
83,70,1.02,3,0,normal,normal,notpresent,notpresent,102,60,2.6,115,5.7,8.7,26,12800,3,yes,no,no,poor,no,yes,1
62,80,1.01,1,2,normal,normal,notpresent,notpresent,309,113,2.9,130,2.5,10.6,34,12800,4,no,no,no,good,no,no,1
17,70,1.015,1,0,abnormal,normal,notpresent,notpresent,22,1.5,7.3,145,2.8,13.1,41,11200,2.8525,no,no,no,good,no,no,1
54,70,1.015,1,0,abnormal,normal,notpresent,notpresent,111,146,7.5,141,4.7,11,35,8600,4,no,no,no,good,no,no,1
60,50,1.01,0,0,abnormal,normal,notpresent,notpresent,261,58,2.2,113,3,10.898,31.9825,4200,3,yes,no,no,good,no,no,1
21,90,1.01,4,0,normal,abnormal,present,present,107,40,1.7,125,3.5,8.3,23,12400,3,no,no,no,good,no,yes,1
65,80,1.015,2,1,normal,normal,present,notpresent,215,133,2.5,107.61625,3.60925,13.2,41,6178.5,2.8525,no,yes,no,good,no,no,1
42,90,1.02,2,0,abnormal,abnormal,present,notpresent,93,153,2.7,139,4.3,9.8,34,9800,2.8525,no,no,no,poor,yes,yes,1
72,90,1.01,2,0,abnormal,abnormal,present,notpresent,124,53,2.3,107.61625,3.60925,11.9,39,6178.5,2.8525,no,no,no,good,no,no,1
73,90,1.01,1,4,abnormal,abnormal,present,notpresent,234,56,1.9,107.61625,3.60925,10.3,28,6178.5,2.8525,no,yes,no,good,no,no,1
45,70,1.025,2,0,normal,abnormal,present,notpresent,117,52,2.2,136,3.8,10,30,19100,3,no,no,no,good,no,no,1
61,80,1.02,0,0,normal,normal,notpresent,notpresent,131,23,0.8,140,4.1,11.3,35,6178.5,2.8525,no,no,no,good,no,no,1
30,70,1.015,0,0,normal,normal,notpresent,notpresent,101,106,6.5,135,4.3,10.898,31.9825,6178.5,2.8525,no,no,no,poor,no,no,1
54,60,1.015,3,2,normal,abnormal,notpresent,notpresent,352,137,3.3,133,4.5,11.3,31,5800,3,yes,yes,yes,poor,yes,no,1
4,74.175,1.02,1,0,normal,normal,notpresent,notpresent,99,23,0.6,138,4.4,12,34,6178.5,2.8525,no,no,no,good,no,no,1
8,50,1.02,4,0,normal,normal,notpresent,notpresent,131.7525,46,1,135,3.8,10.898,31.9825,6178.5,2.8525,no,no,no,good,yes,no,1
3,74.175,1.01,2,0,normal,normal,notpresent,notpresent,131.7525,22,0.7,107.61625,3.60925,10.7,34,12300,2.8525,no,no,no,good,no,no,1
8,74.175,1.01,2,0,normal,normal,notpresent,notpresent,80,66,2.5,142,3.6,12.2,38,6178.5,2.8525,no,"	no",no,good,no,no,1
64,60,1.01,4,1,abnormal,abnormal,notpresent,present,239,58,4.3,137,5.4,9.5,29,7500,3,yes,yes,no,poor,yes,no,1
6,60,1.01,4,0,abnormal,abnormal,notpresent,present,94,67,1,135,4.9,9.9,30,16700,4,no,no,no,poor,no,no,1
50.325,70,1.01,3,0,normal,normal,notpresent,notpresent,110,115,6,134,2.7,9.1,26,9200,3,yes,yes,no,poor,no,no,1
46,110,1.015,0,0,normal,normal,notpresent,notpresent,130,16,0.9,107.61625,3.60925,10.898,31.9825,6178.5,2.8525,no,no,no,good,no,no,1
32,90,1.025,1,0,abnormal,abnormal,notpresent,notpresent,131.7525,223,18.1,113,6.5,5.5,15,2600,2,yes,yes,no,poor,yes,yes,1
80,70,1.01,2,0,abnormal,abnormal,notpresent,notpresent,131.7525,49,1.2,107.61625,3.60925,10.898,31.9825,6178.5,2.8525,yes,"	yes",no,good,no,no,1
70,90,1.02,2,1,abnormal,abnormal,notpresent,present,184,98.6,3.3,138,3.9,5.8,31.9825,6178.5,2.8525,yes,yes,yes,poor,no,no,1
49,100,1.01,3,0,abnormal,abnormal,notpresent,notpresent,129,158,11.8,122,3.2,8.1,24,9600,3,yes,yes,no,poor,yes,yes,1
57,80,1.01,3,0,abnormal,abnormal,notpresent,notpresent,131.7525,111,9.3,124,5.3,6.8,31.9825,4300,3,yes,yes,no,good,no,yes,1
59,100,1.02,4,2,normal,normal,notpresent,notpresent,252,40,3.2,137,4.7,11.2,30,26400,3,yes,yes,no,poor,yes,no,1
65,80,1.015,0,0,normal,normal,notpresent,notpresent,92,37,1.5,140,5.2,8.8,25,10700,3,yes,no,yes,good,yes,no,1
90,90,1.025,1,0,normal,normal,notpresent,notpresent,139,89,3,140,4.1,12,37,7900,3,yes,yes,no,good,no,no,1
64,70,1.025,1,0,normal,normal,notpresent,notpresent,113,94,7.3,137,4.3,7.9,21,6178.5,2.8525,yes,yes,yes,good,yes,yes,1
78,60,1.025,1,0,normal,normal,notpresent,notpresent,114,74,2.9,135,5.9,8,24,6178.5,2.8525,no,yes,no,good,no,yes,1
50.325,90,1.025,1,0,normal,normal,notpresent,notpresent,207,80,6.8,142,5.5,8.5,31.9825,6178.5,2.8525,yes,yes,no,good,no,yes,1
65,90,1.01,4,2,normal,normal,notpresent,notpresent,172,82,13.5,145,6.3,8.8,31,6178.5,2.8525,yes,yes,no,good,yes,yes,1
61,70,1.01,4,2,normal,normal,notpresent,notpresent,100,28,2.1,107.61625,3.60925,12.6,43,6178.5,2.8525,yes,yes,no,good,no,no,1
60,70,1.01,1,0,normal,normal,notpresent,notpresent,109,96,3.9,135,4,13.8,41,6178.5,2.8525,yes,no,no,good,no,no,1
50,70,1.01,0,0,normal,normal,notpresent,notpresent,230,50,2.2,107.61625,3.60925,12,41,10400,4,yes,yes,no,good,no,no,1
67,80,1.01,0,0,normal,normal,notpresent,notpresent,341,37,1.5,107.61625,3.60925,12.3,41,6900,4,yes,yes,no,good,no,yes,1
19,70,1.02,0,0,normal,normal,notpresent,notpresent,131.7525,54.698,2.941875,107.61625,3.60925,11.5,31.9825,6900,2.8525,no,no,no,good,no,no,1
59,100,1.015,4,2,normal,normal,notpresent,notpresent,255,132,12.8,135,5.7,7.3,20,9800,3,yes,yes,yes,good,no,yes,1
54,120,1.015,0,0,normal,normal,notpresent,notpresent,103,18,1.2,107.61625,3.60925,10.898,31.9825,6178.5,2.8525,no,no,no,good,no,no,1
40,70,1.015,3,4,normal,normal,notpresent,notpresent,253,150,11.9,132,5.6,10.9,31,8800,3,yes,yes,no,poor,yes,no,1
55,80,1.01,3,1,normal,abnormal,present,present,214,73,3.9,137,4.9,10.9,34,7400,3,yes,yes,no,good,yes,no,1
68,80,1.015,0,0,normal,abnormal,notpresent,notpresent,171,30,1,107.61625,3.60925,13.7,43,4900,5,no,yes,no,good,no,no,1
2,74.175,1.01,3,0,normal,abnormal,notpresent,notpresent,131.7525,54.698,2.941875,107.61625,3.60925,10.898,31.9825,6178.5,2.8525,no,no,no,good,yes,no,1
64,70,1.01,0,0,normal,normal,notpresent,notpresent,107,15,2.941875,107.61625,3.60925,12.8,38,6178.5,2.8525,no,no,no,good,no,no,1
63,100,1.01,1,0,normal,normal,notpresent,notpresent,78,61,1.8,141,4.4,12.2,36,10500,4,no,yes,no,good,no,no,1
33,90,1.015,0,0,normal,normal,notpresent,notpresent,92,19,0.8,107.61625,3.60925,11.8,34,7000,2.8525,no,no,no,good,no,no,1
68,90,1.01,0,0,normal,normal,notpresent,notpresent,238,57,2.5,107.61625,3.60925,9.8,28,8000,3,yes,yes,no,poor,no,no,1
36,80,1.01,0,0,normal,normal,notpresent,notpresent,103,54.698,2.941875,107.61625,3.60925,11.9,36,8800,2.8525,no,no,no,good,no,no,1
66,70,1.02,1,0,normal,normal,notpresent,notpresent,248,30,1.7,138,5.3,10.898,31.9825,6178.5,2.8525,yes,yes,no,good,no,no,1
74,60,1.02,1,0,normal,normal,notpresent,notpresent,108,68,1.8,107.61625,3.60925,10.898,31.9825,6178.5,2.8525,yes,yes,no,good,no,no,1
71,90,1.01,0,3,normal,normal,notpresent,notpresent,303,30,1.3,136,4.1,13,38,9200,4,yes,yes,no,good,no,no,1
34,60,1.02,0,0,normal,normal,notpresent,notpresent,117,28,2.2,138,3.8,10.898,31.9825,6178.5,2.8525,no,no,no,good,yes,no,1
60,90,1.01,3,5,abnormal,normal,notpresent,present,490,95,2.7,131,3.8,11.5,35,12000,4,yes,yes,no,good,no,no,1
64,100,1.015,4,2,abnormal,abnormal,notpresent,present,163,54,7.2,140,4.6,7.9,26,7500,3,yes,yes,no,good,yes,no,1
57,80,1.015,0,0,abnormal,normal,notpresent,notpresent,120,48,1.6,107.61625,3.60925,11.3,36,7200,3,yes,yes,no,good,no,no,1
60,70,1.015,0,0,abnormal,normal,notpresent,notpresent,124,52,2.5,107.61625,3.60925,10.898,31.9825,6178.5,2.8525,yes,no,no,good,no,no,1
59,50,1.01,3,0,normal,abnormal,notpresent,notpresent,241,191,12,114,2.9,9.6,31,15700,3,no,yes,no,good,yes,no,1
65,60,1.01,2,0,normal,abnormal,present,notpresent,192,17,1.7,130,4.3,10.898,31.9825,9500,2.8525,yes,yes,no,poor,no,no,"1	"
60,90,1.01,2,0,normal,abnormal,notpresent,notpresent,269,51,2.8,138,3.7,11.5,35,6178.5,2.8525,yes,yes,yes,good,yes,no,1
50,90,1.015,1,0,abnormal,abnormal,notpresent,notpresent,131.7525,54.698,2.941875,107.61625,3.60925,10.898,31.9825,6178.5,2.8525,no,no,no,good,yes,no,1
51,100,1.015,2,0,normal,normal,notpresent,present,93,20,1.6,146,4.5,10.898,31.9825,6178.5,2.8525,no,no,no,poor,no,no,1
37,100,1.01,0,0,abnormal,normal,notpresent,notpresent,131.7525,19,1.3,107.61625,3.60925,15,44,4100,5,yes,no,no,good,no,no,1
45,70,1.01,2,0,abnormal,normal,notpresent,notpresent,113,93,2.3,107.61625,3.60925,7.9,26,5700,2.8525,no,no,yes,good,no,yes,1
65,80,1.01,2,0,abnormal,normal,notpresent,notpresent,74,66,2,136,5.4,9.1,25,6178.5,2.8525,yes,yes,yes,good,yes,no,1
80,70,1.015,2,2,abnormal,normal,notpresent,notpresent,141,53,2.2,107.61625,3.60925,12.7,40,9600,2.8525,yes,yes,no,poor,yes,no,1
72,100,1.015,2,2,abnormal,normal,notpresent,notpresent,201,241,13.4,127,4.8,9.4,28,6178.5,2.8525,yes,yes,no,good,no,yes,1
34,90,1.015,2,0,normal,normal,notpresent,notpresent,104,50,1.6,137,4.1,11.9,39,6178.5,2.8525,no,no,no,good,no,no,1
65,70,1.015,1,0,normal,normal,notpresent,notpresent,203,46,1.4,107.61625,3.60925,11.4,36,5000,4,yes,yes,no,poor,yes,no,1
57,70,1.015,1,0,normal,abnormal,notpresent,notpresent,165,45,1.5,140,3.3,10.4,31,4200,3,no,no,no,good,no,no,1
69,70,1.01,4,3,normal,abnormal,present,present,214,96,6.3,120,3.9,9.4,28,11500,3,yes,yes,yes,good,yes,yes,1
62,90,1.02,2,1,normal,normal,notpresent,notpresent,169,48,2.4,138,2.9,13.4,47,11000,6,yes,no,no,good,no,no,1
64,90,1.015,3,2,normal,abnormal,present,notpresent,463,64,2.8,135,4.1,12.2,40,9800,4,yes,yes,no,good,no,yes,1
48,100,1.015,3,2,normal,abnormal,notpresent,notpresent,103,79,5.3,135,6.3,6.3,19,7200,2,yes,no,yes,poor,no,no,1
48,110,1.015,3,0,abnormal,normal,present,notpresent,106,215,15.2,120,5.7,8.6,26,5000,2,yes,no,yes,good,no,yes,1
54,90,1.025,1,0,normal,abnormal,notpresent,notpresent,150,18,1.2,140,4.2,10.898,31.9825,6178.5,2.8525,no,no,no,poor,yes,yes,1
59,70,1.01,1,3,abnormal,abnormal,notpresent,notpresent,424,55,1.7,138,4.5,12.6,37,10200,4,yes,yes,yes,good,no,no,1
56,90,1.01,4,1,normal,abnormal,present,notpresent,176,309,13.3,124,6.5,3.1,9,5400,2,yes,yes,no,poor,yes,yes,1
40,80,1.025,0,0,normal,normal,notpresent,notpresent,140,10,1.2,135,5,15,48,10400,4,no,no,no,good,no,no,0
23,80,1.025,0,0,normal,normal,notpresent,notpresent,70,36,1,150,4.6,17,52,9800,5,no,no,no,good,no,no,0
45,80,1.025,0,0,normal,normal,notpresent,notpresent,82,49,0.6,147,4.4,15.9,46,9100,4,no,no,no,good,no,no,0
57,80,1.025,0,0,normal,normal,notpresent,notpresent,119,17,1.2,135,4.7,15.4,42,6200,6,no,no,no,good,no,no,0
51,60,1.025,0,0,normal,normal,notpresent,notpresent,99,38,0.8,135,3.7,13,49,8300,5,no,no,no,good,no,no,0
34,80,1.025,0,0,normal,normal,notpresent,notpresent,121,27,1.2,144,3.9,13.6,52,9200,6,no,no,no,good,no,no,0
60,80,1.025,0,0,normal,normal,notpresent,notpresent,131,10,0.5,146,5,14.5,41,10700,5,no,no,no,good,no,no,0
38,60,1.02,0,0,normal,normal,notpresent,notpresent,91,36,0.7,135,3.7,14,46,9100,5,no,no,no,good,no,no,0
42,80,1.02,0,0,normal,normal,notpresent,notpresent,98,20,0.5,140,3.5,13.9,44,8400,5,no,no,no,good,no,no,0
35,80,1.02,0,0,normal,normal,notpresent,notpresent,104,31,1.2,135,5,16.1,45,4300,5,no,no,no,good,no,no,0
30,80,1.02,0,0,normal,normal,notpresent,notpresent,131,38,1,147,3.8,14.1,45,9400,5,no,no,no,good,no,no,0
49,80,1.02,0,0,normal,normal,notpresent,notpresent,122,32,1.2,139,3.9,17,41,5600,4,no,no,no,good,no,no,0
55,80,1.02,0,0,normal,normal,notpresent,notpresent,118,18,0.9,135,3.6,15.5,43,7200,5,no,no,no,good,no,no,0
45,80,1.02,0,0,normal,normal,notpresent,notpresent,117,46,1.2,137,5,16.2,45,8600,5,no,no,no,good,no,no,0
42,80,1.02,0,0,normal,normal,notpresent,notpresent,132,24,0.7,140,4.1,14.4,50,5000,4,no,no,no,good,no,no,0
50,80,1.02,0,0,normal,normal,notpresent,notpresent,97,40,0.6,150,4.5,14.2,48,10500,5,no,no,no,good,no,no,0
55,80,1.02,0,0,normal,normal,notpresent,notpresent,133,17,1.2,135,4.8,13.2,41,6800,5,no,no,no,good,no,no,0
48,80,1.025,0,0,normal,normal,notpresent,notpresent,122,33,0.9,146,3.9,13.9,48,9500,4,no,no,no,good,no,no,0
50.325,80,1.025,0,0,normal,normal,notpresent,notpresent,100,49,1,140,5,16.3,53,8500,4,no,no,no,good,no,no,0
25,80,1.025,0,0,normal,normal,notpresent,notpresent,121,19,1.2,142,4.9,15,48,6900,5,no,no,no,good,no,no,0
23,80,1.025,0,0,normal,normal,notpresent,notpresent,111,34,1.1,145,4,14.3,41,7200,5,no,no,no,good,no,no,0
30,80,1.025,0,0,normal,normal,notpresent,notpresent,96,25,0.5,144,4.8,13.8,42,9000,4,no,no,no,good,no,no,0
56,80,1.025,0,0,normal,normal,notpresent,notpresent,139,15,1.2,135,5,14.8,42,5600,5,no,no,no,good,no,no,0
47,80,1.02,0,0,normal,normal,notpresent,notpresent,95,35,0.9,140,4.1,10.898,31.9825,6178.5,2.8525,no,no,no,good,no,no,0
19,80,1.02,0,0,normal,normal,notpresent,notpresent,107,23,0.7,141,4.2,14.4,44,6178.5,2.8525,no,no,no,good,no,no,0
52,80,1.02,0,0,normal,normal,notpresent,notpresent,125,22,1.2,139,4.6,16.5,43,4700,4,no,no,no,good,no,no,0
20,60,1.025,0,0,normal,normal,notpresent,notpresent,131.7525,54.698,2.941875,137,4.7,14,41,4500,5,no,no,no,good,no,no,0
46,60,1.025,0,0,normal,normal,notpresent,notpresent,123,46,1,135,5,15.7,50,6300,4,no,no,no,good,no,no,0
48,60,1.02,0,0,normal,normal,notpresent,notpresent,112,44,1.2,142,4.9,14.5,44,9400,6,no,no,no,good,no,no,0
24,70,1.025,0,0,normal,normal,notpresent,notpresent,140,23,0.6,140,4.7,16.3,48,5800,5,no,no,no,good,no,no,0
47,80,1.025,0,0,normal,normal,notpresent,notpresent,93,33,0.9,144,4.5,13.3,52,8100,5,no,no,no,good,no,no,0
55,80,1.025,0,0,normal,normal,notpresent,notpresent,130,50,1.2,147,5,15.5,41,9100,6,no,no,no,good,no,no,0
20,70,1.02,0,0,normal,normal,notpresent,notpresent,123,44,1,135,3.8,14.6,44,5500,4,no,no,no,good,no,no,0
60,70,1.02,0,0,normal,normal,notpresent,notpresent,131.7525,54.698,2.941875,107.61625,3.60925,16.4,43,10800,5,no,no,no,good,no,no,0
33,80,1.025,0,0,normal,normal,notpresent,notpresent,100,37,1.2,142,4,16.9,52,6700,6,no,no,no,good,no,no,0
66,70,1.02,0,0,normal,normal,notpresent,notpresent,94,19,0.7,135,3.9,16,41,5300,5,no,no,no,good,no,no,0
71,70,1.02,0,0,normal,normal,notpresent,notpresent,81,18,0.8,145,5,14.7,44,9800,6,no,no,no,good,no,no,0
39,70,1.025,0,0,normal,normal,notpresent,notpresent,124,22,0.6,137,3.8,13.4,43,6178.5,2.8525,no,no,no,good,no,no,0
56,70,1.025,0,0,normal,normal,notpresent,notpresent,70,46,1.2,135,4.9,15.9,50,11000,5,no,no,no,good,no,no,0
42,70,1.02,0,0,normal,normal,notpresent,notpresent,93,32,0.9,143,4.7,16.6,43,7100,5,no,no,no,good,no,no,0
54,70,1.02,0,0,normal,normal,notpresent,notpresent,76,28,0.6,146,3.5,14.8,52,8400,5,no,no,no,good,no,no,0
47,80,1.025,0,0,normal,normal,notpresent,notpresent,124,44,1,140,4.9,14.9,41,7000,5,no,no,no,good,no,no,0
30,80,1.02,0,0,normal,normal,notpresent,notpresent,89,42,0.5,139,5,16.7,52,10200,5,no,no,no,good,no,no,0
50,74.175,1.02,0,0,normal,normal,notpresent,notpresent,92,19,1.2,150,4.8,14.9,48,4700,5,no,no,no,good,no,no,0
75,60,1.02,0,0,normal,normal,notpresent,notpresent,110,50,0.7,135,5,14.3,40,8300,5,no,no,no,good,no,no,0
44,70,1.02,0,0,normal,normal,notpresent,notpresent,106,25,0.9,150,3.6,15,50,9600,6,no,no,no,good,no,no,0
41,70,1.02,0,0,normal,normal,notpresent,notpresent,125,38,0.6,140,5,16.8,41,6300,5,no,no,no,good,no,no,0
53,60,1.025,0,0,normal,normal,notpresent,notpresent,116,26,1,146,4.9,15.8,45,7700,5,no,no,no,good,no,no,0
34,60,1.02,0,0,normal,normal,notpresent,notpresent,91,49,1.2,135,4.5,13.5,48,8600,4,no,no,no,good,no,no,0
73,60,1.02,0,0,normal,normal,notpresent,notpresent,127,48,0.5,150,3.5,15.1,52,11000,4,no,no,no,good,no,no,0
45,60,1.02,0,0,normal,normal,notpresent,notpresent,114,26,0.7,141,4.2,15,43,9200,5,no,no,no,good,no,no,0
44,60,1.025,0,0,normal,normal,notpresent,notpresent,96,33,0.9,147,4.5,16.9,41,7200,5,no,no,no,good,no,no,0
29,70,1.02,0,0,normal,normal,notpresent,notpresent,127,44,1.2,145,5,14.8,48,6178.5,2.8525,no,no,no,good,no,no,0
55,70,1.02,0,0,normal,normal,notpresent,notpresent,107,26,1.1,107.61625,3.60925,17,50,6700,6,no,no,no,good,no,no,0
33,80,1.025,0,0,normal,normal,notpresent,notpresent,128,38,0.6,135,3.9,13.1,45,6200,4,no,no,no,good,no,no,0
41,80,1.02,0,0,normal,normal,notpresent,notpresent,122,25,0.8,138,5,17.1,41,9100,5,no,no,no,good,no,no,0
52,80,1.02,0,0,normal,normal,notpresent,notpresent,128,30,1.2,140,4.5,15.2,52,4300,5,no,no,no,good,no,no,0
47,60,1.02,0,0,normal,normal,notpresent,notpresent,137,17,0.5,150,3.5,13.6,44,7900,4,no,no,no,good,no,no,0
43,80,1.025,0,0,normal,normal,notpresent,notpresent,81,46,0.6,135,4.9,13.9,48,6900,4,no,no,no,good,no,no,0
51,60,1.02,0,0,normal,normal,notpresent,notpresent,129,25,1.2,139,5,17.2,40,8100,5,no,no,no,good,no,no,0
46,60,1.02,0,0,normal,normal,notpresent,notpresent,102,27,0.7,142,4.9,13.2,44,11000,5,no,no,no,good,no,no,0
56,60,1.025,0,0,normal,normal,notpresent,notpresent,132,18,1.1,147,4.7,13.7,45,7500,5,no,no,no,good,no,no,0
80,70,1.02,0,0,normal,normal,notpresent,notpresent,131.7525,54.698,2.941875,135,4.1,15.3,48,6300,6,no,no,no,good,no,no,0
55,80,1.02,0,0,normal,normal,notpresent,notpresent,104,28,0.9,142,4.8,17.3,52,8200,4,no,no,no,good,no,no,0
39,70,1.025,0,0,normal,normal,notpresent,notpresent,131,46,0.6,145,5,15.6,41,9400,4,no,no,no,good,no,no,0
44,70,1.025,0,0,normal,normal,notpresent,notpresent,131.7525,54.698,2.941875,107.61625,3.60925,13.8,48,7800,4,no,no,no,good,no,no,0
35,74.175,1.02,0,0,normal,normal,notpresent,notpresent,99,30,0.5,135,4.9,15.4,48,5000,5,no,no,no,good,no,no,0
58,70,1.02,0,0,normal,normal,notpresent,notpresent,102,48,1.2,139,4.3,15,40,8100,4,no,no,no,good,no,no,0
61,70,1.025,0,0,normal,normal,notpresent,notpresent,120,29,0.7,137,3.5,17.4,52,7000,5,no,no,no,good,no,no,0
30,60,1.02,0,0,normal,normal,notpresent,notpresent,138,15,1.1,135,4.4,10.898,31.9825,6178.5,2.8525,no,no,no,good,no,no,0
57,60,1.02,0,0,normal,normal,notpresent,notpresent,105,49,1.2,150,4.7,15.7,44,10400,6,no,no,no,good,no,no,0
65,60,1.02,0,0,normal,normal,notpresent,notpresent,109,39,1,144,3.5,13.9,48,9600,4,no,no,no,good,no,no,0
70,60,1.02,0,0,normal,normal,notpresent,notpresent,120,40,0.5,140,4.6,16,43,4500,4,no,no,no,good,no,no,0
43,80,1.025,0,0,normal,normal,notpresent,notpresent,130,30,1.1,143,5,15.9,45,7800,4,no,no,no,good,no,no,0
40,80,1.02,0,0,normal,normal,notpresent,notpresent,119,15,0.7,150,4.9,10.898,31.9825,6178.5,2.8525,no,no,no,good,no,no,0
58,80,1.02,0,0,normal,normal,notpresent,notpresent,100,50,1.2,140,3.5,14,50,6700,6,no,no,no,good,no,no,0
47,60,1.02,0,0,normal,normal,notpresent,notpresent,109,25,1.1,141,4.7,15.8,41,8300,5,no,no,no,good,no,no,0
30,60,1.025,0,0,normal,normal,notpresent,notpresent,120,31,0.8,150,4.6,13.4,44,10700,5,no,no,no,good,no,no,0
28,70,1.02,0,0,normal,normal,notpresent,notpresent,131,29,0.6,145,4.9,10.898,45,8600,6,no,no,no,good,no,no,0
33,60,1.025,0,0,normal,normal,notpresent,notpresent,80,25,0.9,146,3.5,14.1,48,7800,5,no,no,no,good,no,no,0
43,80,1.02,0,0,normal,normal,notpresent,notpresent,114,32,1.1,135,3.9,10.898,42,6178.5,2.8525,no,no,no,good,no,no,0
59,70,1.025,0,0,normal,normal,notpresent,notpresent,130,39,0.7,147,4.7,13.5,46,6700,4,no,no,no,good,no,no,0
34,70,1.025,0,0,normal,normal,notpresent,notpresent,131.7525,33,1,150,5,15.3,44,10500,6,no,no,no,good,no,no,0
23,80,1.02,0,0,normal,normal,notpresent,notpresent,99,46,1.2,142,4,17.7,46,4300,5,no,no,no,good,no,no,0
24,80,1.025,0,0,normal,normal,notpresent,notpresent,125,54.698,2.941875,136,3.5,15.4,43,5600,4,no,no,no,good,no,no,0
60,60,1.02,0,0,normal,normal,notpresent,notpresent,134,45,0.5,139,4.8,14.2,48,10700,5,no,no,no,good,no,no,0
25,60,1.02,0,0,normal,normal,notpresent,notpresent,119,27,0.5,107.61625,3.60925,15.2,40,9200,5,no,no,no,good,no,no,0
44,70,1.025,0,0,normal,normal,notpresent,notpresent,92,40,0.9,141,4.9,14,52,7500,6,no,no,no,good,no,no,0
62,80,1.02,0,0,normal,normal,notpresent,notpresent,132,34,0.8,147,3.5,17.8,44,4700,4,no,no,no,good,no,no,0
25,70,1.02,0,0,normal,normal,notpresent,notpresent,88,42,0.5,136,3.5,13.3,48,7000,4,no,no,no,good,no,no,0
32,70,1.025,0,0,normal,normal,notpresent,notpresent,100,29,1.1,142,4.5,14.3,43,6700,5,no,no,no,good,no,no,0
63,70,1.025,0,0,normal,normal,notpresent,notpresent,130,37,0.9,150,5,13.4,41,7300,4,no,no,no,good,no,no,0
44,60,1.02,0,0,normal,normal,notpresent,notpresent,95,46,0.5,138,4.2,15,50,7700,6,no,no,no,good,no,no,0
37,60,1.025,0,0,normal,normal,notpresent,notpresent,111,35,0.8,135,4.1,16.2,50,5500,5,no,no,no,good,no,no,0
64,60,1.02,0,0,normal,normal,notpresent,notpresent,106,27,0.7,150,3.3,14.4,42,8100,4,no,no,no,good,no,no,0
22,60,1.025,0,0,normal,normal,notpresent,notpresent,97,18,1.2,138,4.3,13.5,42,7900,6,no,no,no,good,no,no,0
33,60,1.025,0,0,normal,normal,notpresent,notpresent,130,41,0.9,141,4.4,15.5,52,4300,5,no,no,no,good,no,no,0
43,60,1.025,0,0,normal,normal,notpresent,notpresent,108,25,1,144,5,17.8,43,7200,5,no,no,no,good,no,no,0
38,80,1.02,0,0,normal,normal,notpresent,notpresent,99,19,0.5,147,3.5,13.6,44,7300,6,no,no,no,good,no,no,0
35,70,1.025,0,0,normal,normal,notpresent,notpresent,82,36,1.1,150,3.5,14.5,52,9400,6,no,no,no,good,no,no,0
65,70,1.025,0,0,normal,normal,notpresent,notpresent,85,20,1,142,4.8,16.1,43,9600,4,no,no,no,good,no,no,0
29,80,1.02,0,0,normal,normal,notpresent,notpresent,83,49,0.9,139,3.3,17.5,40,9900,4,no,no,no,good,no,no,0
37,60,1.02,0,0,normal,normal,notpresent,notpresent,109,47,1.1,141,4.9,15,48,7000,5,no,no,no,good,no,no,0
39,60,1.02,0,0,normal,normal,notpresent,notpresent,86,37,0.6,150,5,13.6,51,5800,4,no,no,no,good,no,no,0
32,60,1.025,0,0,normal,normal,notpresent,notpresent,102,17,0.4,147,4.7,14.6,41,6800,5,no,no,no,good,no,no,0
23,60,1.02,0,0,normal,normal,notpresent,notpresent,95,24,0.8,145,5,15,52,6300,4,no,no,no,good,no,no,0
34,70,1.025,0,0,normal,normal,notpresent,notpresent,87,38,0.5,144,4.8,17.1,47,7400,6,no,no,no,good,no,no,0
66,70,1.025,0,0,normal,normal,notpresent,notpresent,107,16,1.1,140,3.6,13.6,42,11000,4,no,no,no,good,no,no,0
47,60,1.02,0,0,normal,normal,notpresent,notpresent,117,22,1.2,138,3.5,13,45,5200,5,no,no,no,good,no,no,0
74,60,1.02,0,0,normal,normal,notpresent,notpresent,88,50,0.6,147,3.7,17.2,53,6000,4,no,no,no,good,no,no,0
35,60,1.025,0,0,normal,normal,notpresent,notpresent,105,39,0.5,135,3.9,14.7,43,5800,6,no,no,no,good,no,no,0
29,80,1.02,0,0,normal,normal,notpresent,notpresent,70,16,0.7,138,3.5,13.7,54,5400,5,no,no,no,good,no,no,0
33,80,1.025,0,0,normal,normal,notpresent,notpresent,89,19,1.1,144,5,15,40,10300,4,no,no,no,good,no,no,0
67,80,1.025,0,0,normal,normal,notpresent,notpresent,99,40,0.5,107.61625,3.60925,17.8,44,5900,5,no,no,no,good,no,no,0
73,80,1.025,0,0,normal,normal,notpresent,notpresent,118,44,0.7,137,3.5,14.8,45,9300,4,no,no,no,good,no,no,0
24,80,1.02,0,0,normal,normal,notpresent,notpresent,93,46,1,145,3.5,10.898,31.9825,10700,6,no,no,no,good,no,no,0
60,80,1.025,0,0,normal,normal,notpresent,notpresent,81,15,0.5,141,3.6,15,46,10500,5,no,no,no,good,no,no,0
68,60,1.025,0,0,normal,normal,notpresent,notpresent,125,41,1.1,139,3.8,17.4,50,6700,6,no,no,no,good,no,no,0
30,80,1.025,0,0,normal,normal,notpresent,notpresent,82,42,0.7,146,5,14.9,45,9400,5,no,no,no,good,no,no,0
75,70,1.02,0,0,normal,normal,notpresent,notpresent,107,48,0.8,144,3.5,13.6,46,10300,4,no,no,no,good,no,no,0
69,70,1.02,0,0,normal,normal,notpresent,notpresent,83,42,1.2,139,3.7,16.2,50,9300,5,no,no,no,good,no,no,0
28,60,1.025,0,0,normal,normal,notpresent,notpresent,79,50,0.5,145,5,17.6,51,6500,5,no,no,no,good,no,no,0
72,60,1.02,0,0,normal,normal,notpresent,notpresent,109,26,0.9,150,4.9,15,52,10500,5,no,no,no,good,no,no,0
61,70,1.025,0,0,normal,normal,notpresent,notpresent,133,38,1,142,3.6,13.7,47,9200,4,no,no,no,good,no,no,0
79,80,1.025,0,0,normal,normal,notpresent,notpresent,111,44,1.2,146,3.6,16.3,40,8000,6,no,no,no,good,no,no,0
70,80,1.02,0,0,normal,normal,notpresent,notpresent,74,41,0.5,143,4.5,15.1,48,9700,5,no,no,no,good,no,no,0
58,70,1.025,0,0,normal,normal,notpresent,notpresent,88,16,1.1,147,3.5,16.4,53,9100,5,no,no,no,good,no,no,0
64,70,1.02,0,0,normal,normal,notpresent,notpresent,97,27,0.7,145,4.8,13.8,49,6400,4,no,no,no,good,no,no,0
71,60,1.025,0,0,normal,normal,notpresent,notpresent,131.7525,54.698,0.9,140,4.8,15.2,42,7700,5,no,no,no,good,no,no,0
62,80,1.025,0,0,normal,normal,notpresent,notpresent,78,45,0.6,138,3.5,16.1,50,5400,5,no,no,no,good,no,no,0
59,60,1.02,0,0,normal,normal,notpresent,notpresent,113,23,1.1,139,3.5,15.3,54,6500,4,no,no,no,good,no,no,0
71,70,1.025,0,0,normal,normal,notpresent,notpresent,79,47,0.5,142,4.8,16.6,40,5800,5,no,no,no,good,no,no,0
48,80,1.025,0,0,normal,normal,notpresent,notpresent,75,22,0.8,137,5,16.8,51,6000,6,no,no,no,good,no,no,0
80,80,1.025,0,0,normal,normal,notpresent,notpresent,119,46,0.7,141,4.9,13.9,49,5100,5,no,no,no,good,no,no,0
57,60,1.02,0,0,normal,normal,notpresent,notpresent,132,18,1.1,150,4.7,15.4,42,11000,4,no,no,no,good,no,no,0
63,70,1.02,0,0,normal,normal,notpresent,notpresent,113,25,0.6,146,4.9,16.5,52,8000,5,no,no,no,good,no,no,0
46,70,1.025,0,0,normal,normal,notpresent,notpresent,100,47,0.5,142,3.5,16.4,43,5700,6,no,no,no,good,no,no,0
15,80,1.025,0,0,normal,normal,notpresent,notpresent,93,17,0.9,136,3.9,16.7,50,6200,5,no,no,no,good,no,no,0
51,80,1.02,0,0,normal,normal,notpresent,notpresent,94,15,1.2,144,3.7,15.5,46,9500,6,no,no,no,good,no,no,0
41,80,1.025,0,0,normal,normal,notpresent,notpresent,112,48,0.7,140,5,17,52,7200,5,no,no,no,good,no,no,0
52,80,1.025,0,0,normal,normal,notpresent,notpresent,99,25,0.8,135,3.7,15,52,6300,5,no,no,no,good,no,no,0
36,80,1.025,0,0,normal,normal,notpresent,notpresent,85,16,1.1,142,4.1,15.6,44,5800,6,no,no,no,good,no,no,0
57,80,1.02,0,0,normal,normal,notpresent,notpresent,133,48,1.2,147,4.3,14.8,46,6600,5,no,no,no,good,no,no,0
43,60,1.025,0,0,normal,normal,notpresent,notpresent,117,45,0.7,141,4.4,13,54,7400,5,no,no,no,good,no,no,0
50,80,1.02,0,0,normal,normal,notpresent,notpresent,137,46,0.8,139,5,14.1,45,9500,4,no,no,no,good,no,no,0
55,80,1.02,0,0,normal,normal,notpresent,notpresent,140,49,0.5,150,4.9,15.7,47,6700,4,no,no,no,good,no,no,0
42,70,1.025,0,0,normal,normal,notpresent,notpresent,75,31,1.2,141,3.5,16.5,54,7800,6,no,no,no,good,no,no,0
12,80,1.02,0,0,normal,normal,notpresent,notpresent,100,26,0.6,137,4.4,15.8,49,6600,5,no,no,no,good,no,no,0
17,60,1.025,0,0,normal,normal,notpresent,notpresent,114,50,1,135,4.9,14.2,51,7200,5,no,no,no,good,no,no,0
58,80,1.025,0,0,normal,normal,notpresent,notpresent,131,18,1.1,141,3.5,15.8,53,6800,6,no,no,no,good,no,no,0
